name,linkedin_url,website_url,primary_domain,phone
AddRec Solutions Pvt. Ltd.,http://www.linkedin.com/company/infrajobs-india's-leading-construction-real-estate-&-infrastructure-recruitment-company-,http://www.addrecsolutions.com,addrecsolutions.com,+91 79 2688 0801
ADD ASSOCIES,http://www.linkedin.com/company/add-associ%c3%a9s,http://www.add-associes.com,add-associes.com,
Addi,http://www.linkedin.com/company/addicol,http://www.addi.com,addi.com,+57 1 5140346
Addax Petroleum,http://www.linkedin.com/company/addax-petroleum,http://www.addaxpetroleum.com,addaxpetroleum.com,+41-22-702-94-00
Adda247,http://www.linkedin.com/company/adda247,http://www.adda247.com,adda247.com,+9199585-00766
Add Value BR,http://www.linkedin.com/company/addvaluebr,http://www.addvalue.com.br,addvalue.com.br,+55 11 4130-9832
ADD Systems,http://www.linkedin.com/company/add-systems,http://www.addsys.com,addsys.com,+1 973-584-4026
(add)ventures,http://www.linkedin.com/company/-add-ventures,http://www.addventures.com,addventures.com,+1 401-453-4748
Addleshaw Goddard,http://www.linkedin.com/company/addleshaw-goddard,http://www.addleshawgoddard.com,addleshawgoddard.com,+44 (0)20 7788 5919
Add Hype,http://www.linkedin.com/company/add-hype,http://www.weaddhype.com,weaddhype.com,+92(311) 433-3037
Add People,http://www.linkedin.com/company/add-people,http://www.addpeople.co.uk,addpeople.co.uk,+44 845 030 4440
Add Energy,http://www.linkedin.com/company/add-energy,http://www.addenergy.no,addenergy.no,+47-66-98-32-90
AddSource,http://www.linkedin.com/company/veerteq-inc,http://www.addsource.ca,addsource.ca,+1 236-547-7272
ADDC,http://www.linkedin.com/company/addc-official,http://www.addc.ae,addc.ae,+971 2 419 1100
Addison Group,http://www.linkedin.com/company/addisongroup,http://www.addisongroup.com,addisongroup.com,+1 312-424-0300
Addis Ababa University,http://www.linkedin.com/company/addis-ababa-university,http://www.aau.edu.et,aau.edu.et,+251 11 123 9752
add,http://www.linkedin.com/company/add-enterprise,http://www.addenterprise.com,addenterprise.com,+966114655053
Add Talent Solutions,http://www.linkedin.com/company/add-talent-solutions,http://www.addtalentsolutions.com,addtalentsolutions.com,
Addverb,http://www.linkedin.com/company/addverb,http://www.addverb.com,addverb.com,+919717611703
Add Chapter,http://www.linkedin.com/company/addchapter,http://www.addchapter.com,addchapter.com,+18477560593
ADD UP,http://www.linkedin.com/company/add-up,http://www.add-up.fr,add-up.fr,+33 1 49 52 85 85
.add,http://www.linkedin.com/company/somosadd,http://www.somosadd.com.br,somosadd.com.br,+55 21 3974-9450
ADD,http://www.linkedin.com/company/addxyz,,,
Add Value,http://www.linkedin.com/company/add-value_2,http://www.addvalue.it,addvalue.it,
Address Hotels + Resorts,http://www.linkedin.com/company/address-hotels-and-resorts,http://www.addresshotels.com,addresshotels.com,+971 4 436 8888
ADD Architects,http://www.linkedin.com/company/add-architects,http://www.addarchitects.net,addarchitects.net,
Abu Dhabi Digital Authority (ADDA),http://www.linkedin.com/company/abudhabi_digital,http://www.adda.gov.ae,adda.gov.ae,+971 2 671 7000
Addteq,http://www.linkedin.com/company/addteq,http://www.addteq.com,addteq.com,+1 888-923-3837
ADD  d.o.o.,http://www.linkedin.com/company/add-d-o-o-,http://www.add.si,add.si,+38614790081
Add India Group,http://www.linkedin.com/company/add-india-group,http://www.addindiagroup.com,addindiagroup.com,
Addepar,http://www.linkedin.com/company/addepar,http://www.addepar.com,addepar.com,+1 855-692-3337
ADD Vector,http://www.linkedin.com/company/add-vector,http://www.addvector.com,addvector.com,
Adderley Featherstone,http://www.linkedin.com/company/adderley-featherstone-plc,http://www.adderley.com,adderley.com,+44 1937 841402
add it Cloud Solutions,http://www.linkedin.com/company/add-it-cloud-solutions,http://www.addit.com.br,addit.com.br,+55 11 2842-1100
Add Agility,http://www.linkedin.com/company/addagility,http://www.addagility.com,addagility.com,+448000869258
ADD Capital Humano,http://www.linkedin.com/company/add-capital-humano,http://www.addcapitalhumano.com.mx,addcapitalhumano.com.mx,
Addition Management,http://www.linkedin.com/company/addition-management,http://www.additionmanagement.com,additionmanagement.com,+1 212-223-5420
Abu Dhabi Department of Economic Development,http://www.linkedin.com/company/abudhabided,http://www.added.gov.ae,added.gov.ae,+971 28158888
Add Value Media,http://www.linkedin.com/company/addvaluemedia,http://www.addvaluemedia.com,addvaluemedia.com,+34 917 56 90 81
Add Consultoria,http://www.linkedin.com/company/agregar-recrutamento,http://www.rhagregar.com.br,rhagregar.com.br,
"ADD Inc, now Stantec",http://www.linkedin.com/company/add-inc,http://www.addinc.com,addinc.com,+1(617) 234-3100
ADD VALUE,http://www.linkedin.com/company/add-value-consultants-in-human-capital-management,http://www.addvalue.eu,addvalue.eu,+3227418797
Addis Fortune,http://www.linkedin.com/company/addisfortune,http://www.addisfortune.news,addisfortune.news,+0123456790
Addmind Hospitality,http://www.linkedin.com/company/addmindhospitality,http://www.addmind.com,addmind.com,+971 4 452 9902
add-victor,http://www.linkedin.com/company/add-victor,http://www.add-victor.com,add-victor.com,+44 20 3005 6452
Ateneo de Davao University,http://www.linkedin.com/company/ateneo-de-davao-university,http://www.addu.edu.ph,addu.edu.ph,+63 (82) 221.2411
ADD International,http://www.linkedin.com/company/add-international,http://www.add.org.uk,add.org.uk,+44 20 3752 5499
Additive Manufacturing Media,http://www.linkedin.com/company/addmfgmedia,http://www.additivemanufacturing.media,additivemanufacturing.media,+1 800-950-8020
ADD XAM XAM,http://www.linkedin.com/company/addexxconsulting,http://www.addexx-consulting.com,addexx-consulting.com,
Addison Lee,http://www.linkedin.com/company/addison-lee,http://www.addisonlee.com,addisonlee.com,+44-203-910-3470
AddisJobs,http://www.linkedin.com/company/addisjobs,http://www.addisjobs.net,addisjobs.net,
Add Insight,http://www.linkedin.com/company/add-insight,http://www.addinsight.se,addinsight.se,+46739679772
Addo,http://www.linkedin.com/company/addoai,http://www.addo.ai,addo.ai,
Add Value Consultants,http://www.linkedin.com/company/addvalueconsultants,http://www.addvalueconsultants.com,addvalueconsultants.com,+91 94282 02263
Add-Ins,http://www.linkedin.com/company/add-ins,http://www.addins.co.in,addins.co.in,
Add Zero Group,http://www.linkedin.com/company/addzerogroup,http://www.addzerogroup.com,addzerogroup.com,+91 +91 9106037338
Add Value,http://www.linkedin.com/company/add-value-aps,http://www.addvalue.dk,addvalue.dk,
Add to Cart,http://www.linkedin.com/company/addtocart-uk,http://www.addtocart.co.uk,addtocart.co.uk,
ADDIXO,http://www.linkedin.com/company/addixogroup,http://www.addixo.com,addixo.com,+33 1 46 46 11 90
Add Some Zest,http://www.linkedin.com/company/add-some-zest,http://www.addsome-zest.com,addsome-zest.com,+44 7920 443577
Add To Cart,http://www.linkedin.com/company/add-to-cart,http://www.addtocart.com.au,addtocart.com.au,
ADD Engineering,http://www.linkedin.com/company/add-engineering-north-america,http://www.add-engineering.mx,add-engineering.mx,+52(442) 126-8886
Add Value IT Recruitment,http://www.linkedin.com/company/addvaluerecruitmentnl,http://www.add-value.nl,add-value.nl,+31 20 240 0116
Add Psalt,http://www.linkedin.com/company/add-psalt,http://www.addpsalt.com,addpsalt.com,
ADD NV,http://www.linkedin.com/company/add-nv,http://www.add.be,add.be,+32 1 643 10 00
Add to Event,http://www.linkedin.com/company/add-to-event,http://www.addtoevent.co.uk,addtoevent.co.uk,
ADD Grup,http://www.linkedin.com/company/addgrup,http://www.addgrup.com,addgrup.com,+373 (22) 93-00-12
ADDA,http://www.linkedin.com/company/addasoftware,http://www.adda.io,adda.io,+91-022-489-05764
ADDitude Magazine,http://www.linkedin.com/company/additude-magazine,http://www.additudemag.com,additudemag.com,+1 888-762-8475
addactis,http://www.linkedin.com/company/addactis-worldwide,http://www.addactis.com,addactis.com,+32 2 526 13 10
Adderleys,http://www.linkedin.com/company/adderley-recruitment-group,http://www.adderleys.com,adderleys.com,+44 1937 841402
Cycl-add,http://www.linkedin.com/company/cycl-add,http://www.cycl-add.com,cycl-add.com,+33 4 74 75 68 57
ADD_Officiel,http://www.linkedin.com/company/add-maroc-officiel,http://www.add.gov.ma,add.gov.ma,+212 5376-79906
just add water,http://www.linkedin.com/company/just-add-water,http://www.sojustaddwater.com,sojustaddwater.com,+44 8443763000
ADD Coach Academy,http://www.linkedin.com/school/add-coach-academy,http://www.addca.com,addca.com,+1(800) 915-7702
Add Value - Assurances digitales,http://www.linkedin.com/company/add-value-assurances,http://www.add-value.fr,add-value.fr,
+ ADD DESIGN,http://www.linkedin.com/company/-add-design,http://www.add-design.it,add-design.it,+39 095 216 2040
VERVE,http://www.linkedin.com/company/verve,http://www.addverve.com,addverve.com,+44 (0) 20 7928 4314
Addy Global Solutions,http://www.linkedin.com/company/addy-global-solutions,http://www.addyglobal.com,addyglobal.com,
ADDC - Arabian Dar for Development Consultancy,http://www.linkedin.com/company/addc,http://www.addcsa.com,addcsa.com,+971 2 419 1100
The Add Staff Group,http://www.linkedin.com/company/add-staff,http://www.addstaff.com.au,addstaff.com.au,
ADD-ME Egypt,http://www.linkedin.com/company/add-me-egypt,http://www.add-me-eg.com,add-me-eg.com,+20 122 385 5577
Address Advisors,http://www.linkedin.com/company/address-advisors,http://www.addressadvisors.com,addressadvisors.com,+919108804224
add editore,http://www.linkedin.com/company/add-editore,http://www.addeditore.it,addeditore.it,+39 011 562 9997
AddUp,http://www.linkedin.com/company/addup,http://www.addupsolutions.com,addupsolutions.com,+33 1 45 66 22 22
ADDAR Chemicals Company (ACC),http://www.linkedin.com/company/addar-cemicals,http://www.acc-chemicals.net,acc-chemicals.net,
Addus HomeCare,http://www.linkedin.com/company/addus-homecare-inc,http://www.addus.com,addus.com,+1 469-535-8200
The Digital Add,http://www.linkedin.com/company/the-digital-add,http://www.thedigitaladd.com,thedigitaladd.com,+91911244269888
ADD Bulgaria,http://www.linkedin.com/company/add-bulgaria,http://www.add-bg.com,add-bg.com,+359 (0) 32 623 001
Add Gender AB,http://www.linkedin.com/company/add-gender-sverige,http://www.addgender.se,addgender.se,+46 73 505 14 51
Addpro Network Pvt. Ltd.,http://www.linkedin.com/company/addpro-network-pvt-ltd,http://www.addpronetwork.com,addpronetwork.com,+91 96860 73073
Add&Grow - Specialists doctors recruitment,http://www.linkedin.com/company/add&grow,http://www.addandgrow.com,addandgrow.com,
Addison,http://www.linkedin.com/company/addison,http://www.addison.com,addison.com,+1 212-229-5000
Ad Dynamo,http://www.linkedin.com/company/ad-dynamo,http://www.addynamo.com,addynamo.com,
Addwatt Power,http://www.linkedin.com/company/addwatt-power-solutions-pvt-ltd,http://www.addwatt.in,addwatt.in,
Add Your Labs,http://www.linkedin.com/company/addyourlabs,http://www.addyourlabs.io,addyourlabs.io,+1(630) 803-4770
Add Logistics AB,http://www.linkedin.com/company/add-logistics-ab,http://www.ab-logistics.com,ab-logistics.com,+35319631240
Additive Industries,http://www.linkedin.com/company/additive-industries,http://www.additiveindustries.com,additiveindustries.com,+31 40 218 0660
Add Reality,http://www.linkedin.com/company/addrealitylimited,http://www.addreality.co.uk,addreality.co.uk,
ADD Aviation,http://www.linkedin.com/company/addaviation,http://www.addaviation.aero,addaviation.aero,+52 44 2223 2200
ADDesignersa | تصميم داخلي,http://www.linkedin.com/company/addesignersa,http://www.addesigner.com.sa,addesigner.com.sa,+966 92 002 8838
Addition+,http://www.linkedin.com/company/additionsolutions,http://www.additionsolutions.co.uk,additionsolutions.co.uk,+44 3300242273
ADD ON Consulting,http://www.linkedin.com/company/add-on-consulting-india,http://www.addconsulting.com,addconsulting.com,+91(781) 373-6841
Add Innovations Pvt Ltd,http://www.linkedin.com/company/addinnovations,http://www.addinnovations.in,addinnovations.in,+91 83758 20921
add communication srl,http://www.linkedin.com/company/add-communication-srl,http://www.addcommunication.it,addcommunication.it,
AddWeb Solution Private Limited,http://www.linkedin.com/company/addwebsolution,http://www.addwebsolution.com,addwebsolution.com,+9107929705640
additiv,http://www.linkedin.com/company/additiv,http://www.additiv.com,additiv.com,+414144-405-6070
Addiox Technologies LLC,http://www.linkedin.com/company/aadiox-technologies,http://www.addiox.com,addiox.com,+1(848) 200-0448
Add-On,http://www.linkedin.com/company/add-on-consulting,http://www.addon.fr,addon.fr,+330134353696
ADD IT Minds,http://www.linkedin.com/company/add-it-minds,http://www.additminds.com,additminds.com,+351351961300310
Addend Analytics: Microsoft D365 & Data Analytics Partner,http://www.linkedin.com/company/addend-analytics,http://www.addendanalytics.com,addendanalytics.com,+1-(347)-708-0294
Add-doc,http://www.linkedin.com/company/add-doc,http://www.add-doc.com,add-doc.com,
ADDWORK,http://www.linkedin.com/company/addwork,http://www.addwork.org,addwork.org,
ADDINN Group,http://www.linkedin.com/company/addinn,http://www.addinn-group.com,addinn-group.com,+33 6 52 08 87 80
Addis Zeybe - አዲስ ዘይቤ,http://www.linkedin.com/company/addiszeybe,http://www.addiszeybe.com,addiszeybe.com,+251954903850
ADD SKIN,http://www.linkedin.com/company/add-skin,http://www.addskin.cl,addskin.cl,+56 9 9093 3512
Addoway,http://www.linkedin.com/company/addoway,http://www.addoway.com,addoway.com,+1(602) 295-2052
Department of Community Development,http://www.linkedin.com/company/dcdabudhabi,http://www.addcd.gov.ae,addcd.gov.ae,+971 (0) 2 612 3333
Add Value,http://www.linkedin.com/company/add-valuesrl,http://www.add-value.it,add-value.it,+390289015264
Association Addictions France,http://www.linkedin.com/company/association-addictions-france,http://www.addictions-france.org,addictions-france.org,
Addastaff Consulting Incorporated,http://www.linkedin.com/company/addastaff-consulting-inc,http://www.addastaff.com,addastaff.com,+1650 638 9633
AddOn Networks,http://www.linkedin.com/company/addon,http://www.addonnetworks.com,addonnetworks.com,+1 877.292.1701
Addiko Bank Hrvatska,http://www.linkedin.com/company/addiko-bank-hrvatska,http://www.addiko.hr,addiko.hr,+385 16 03 00 00
ADD-ONE,http://www.linkedin.com/company/add-one-sas,http://www.add-one.fr,add-one.fr,+33 5 46 07 15 15
ADDEV Materials,http://www.linkedin.com/company/addev-materials,http://www.addevmaterials.com,addevmaterials.com,+33(408) 782-2500
